COMID,TOT_SILTAVE,TOT_CLAYAVE,TOT_SANDAVE,TOT_NODATA,source
3917070,31.97,14.06,53.97,0,STATSGO_TEXT_TOT_CONUS
3917072,40.43,22.4,37.16,0,STATSGO_TEXT_TOT_CONUS
3917082,20.82,3.07,76.11,0,STATSGO_TEXT_TOT_CONUS
3917084,24.93,5.53,69.53,0,STATSGO_TEXT_TOT_CONUS
3917106,25.24,6.53,68.22,0,STATSGO_TEXT_TOT_CONUS
3917114,40.43,22.4,37.16,0,STATSGO_TEXT_TOT_CONUS
3917130,34.31,16.06,49.62,0,STATSGO_TEXT_TOT_CONUS
3917136,27.21,9.36,63.43,0,STATSGO_TEXT_TOT_CONUS
3917138,38.5,20.5,41,0,STATSGO_TEXT_TOT_CONUS
3917154,37.17,19.19,43.64,0,STATSGO_TEXT_TOT_CONUS
3917156,40.36,23.15,36.49,0,STATSGO_TEXT_TOT_CONUS
3917158,38.8,39.88,21.33,0,STATSGO_TEXT_TOT_CONUS
3917160,38.8,39.88,21.33,0,STATSGO_TEXT_TOT_CONUS
3917162,34.94,16.65,48.4,0,STATSGO_TEXT_TOT_CONUS
3917164,38.8,39.88,21.33,0,STATSGO_TEXT_TOT_CONUS
3917172,39.1,28.57,32.34,0,STATSGO_TEXT_TOT_CONUS
3917176,35.81,17.05,47.14,0,STATSGO_TEXT_TOT_CONUS
3917178,35.5,16.37,48.13,0,STATSGO_TEXT_TOT_CONUS
3917194,40.43,22.4,37.16,0,STATSGO_TEXT_TOT_CONUS
3917198,36.42,20.59,42.99,0,STATSGO_TEXT_TOT_CONUS
3917200,36.57,21.77,41.65,0,STATSGO_TEXT_TOT_CONUS
3917230,42.04,27.12,30.84,0,STATSGO_TEXT_TOT_CONUS
3917244,37.12,18.51,44.38,0.4,STATSGO_TEXT_TOT_CONUS
3917912,35.3,16.66,48.04,0,STATSGO_TEXT_TOT_CONUS
3917914,36.54,18.57,44.9,0,STATSGO_TEXT_TOT_CONUS
3917916,39.13,21.12,39.74,0,STATSGO_TEXT_TOT_CONUS
3917918,36.25,19.22,44.53,0,STATSGO_TEXT_TOT_CONUS
3917920,38.8,39.88,21.33,0,STATSGO_TEXT_TOT_CONUS
3917922,38.78,39.38,21.84,0,STATSGO_TEXT_TOT_CONUS
3917946,37.23,18.61,44.16,0.39,STATSGO_TEXT_TOT_CONUS
3917948,36.7,21.84,41.45,0,STATSGO_TEXT_TOT_CONUS
3917950,37.02,18.44,44.54,0.4,STATSGO_TEXT_TOT_CONUS
948010089,38.76,38.82,22.42,0,STATSGO_TEXT_TOT_CONUS
